analytical,creativity,social,tech,career
4.0884714380895435,2.861709326048505,2.980738243974402,5.0,Software Engineer
5.0,1.042165186274194,2.523596344582504,4.318404711060319,Software Engineer
4.947064792846869,1.231658765185733,2.0489389202262567,5.0,Software Engineer
5.0,1.763937793578778,2.9508384041573867,5.0,Software Engineer
5.0,1.4767466134979157,1.599135063705859,5.0,Software Engineer
5.0,1.6468323002698302,1.241773327170966,4.081549236911252,Software Engineer
5.0,1.488162922159903,2.272433311287709,5.0,Software Engineer
5.0,1.533552338622852,2.555203949943583,4.7049301664176415,Software Engineer
5.0,1.2174251603886466,2.0943829074973297,5.0,Software Engineer
4.558839939475469,2.783112306813941,1.5166669580675,5.0,Software Engineer
4.447169907584752,1.423062366794606,2.22686311035745,4.10437838583582,Software Engineer
5.0,1.6625201198622843,1.5984779683896653,4.887781501838424,Software Engineer
4.398926845493589,1.896327669036776,1.3814203677865418,5.0,Software Engineer
4.231289779618395,2.921903917051029,2.295385617826102,4.644493386580368,Software Engineer
5.0,2.403258151397184,2.5540027405725803,4.712426426074119,Software Engineer
4.70270529850474,1.6247429404495832,2.1487628544508923,4.272638077413368,Software Engineer
4.813861155677908,2.2137635426562383,1.559571481179562,4.727891575697865,Software Engineer
4.837315225909304,1.032719678415693,2.4645630808347754,4.407804439377724,Software Engineer
5.0,1.230671329526514,1.1564099516406132,4.705177265813578,Software Engineer
4.600081529620376,2.2684016898960326,1.8679824047406086,5.0,Software Engineer
5.0,2.388084707481881,1.1817048353194997,4.719211983570721,Software Engineer
5.0,1.4636687658291767,1.72302933097214,5.0,Software Engineer
5.0,1.9897316904400322,1.4708986730660847,5.0,Software Engineer
4.288892915555514,2.8386800145807083,1.9513890631073616,4.355903961142888,Software Engineer
5.0,1.755885260089646,2.4440842706237444,4.158359359477176,Software Engineer
4.012817523848053,2.1341952795160672,1.411028712838221,5.0,Software Engineer
4.831137963325078,2.3754515674422993,2.515852887854818,5.0,Software Engineer
4.341901479800763,2.064807058794245,2.1506970914474666,4.5273591007342935,Software Engineer
4.234635583983247,1.4196140434785336,2.3568181543130846,5.0,Software Engineer
4.052662318575937,2.500904387586655,2.1256965302654773,5.0,Software Engineer
5.0,2.0986901639257276,2.5597512189935636,5.0,Software Engineer
5.0,1.0993063772317848,2.1674344531917886,4.330499627199569,Software Engineer
4.543264508370536,2.043719970433215,2.4174870810481015,5.0,Software Engineer
4.403585490677863,2.0521449124363578,1.3746095033805192,4.045614393400695,Software Engineer
5.0,2.458032328087481,2.3464961995018987,4.431619895200528,Software Engineer
5.0,2.5930952647023346,2.5682476677433503,5.0,Software Engineer
5.0,1.587640217325871,2.850487333492862,5.0,Software Engineer
4.595588436218829,2.0324951593934304,1.0622593435784748,5.0,Software Engineer
4.724021100683483,1.2381128303353122,1.010279537951669,5.0,Software Engineer
4.818491105137358,2.6819363521731896,1.9090449048142784,5.0,Software Engineer
4.341489229461103,2.6930656230840238,1.0449905717176906,4.781028455419689,Software Engineer
5.0,1.3925414774580613,2.5283564457350542,4.230199502091589,Software Engineer
4.69690897679213,1.9826202506384563,1.8455684817724611,4.906285065258341,Software Engineer
5.0,2.071747083059387,1.3105963461359018,5.0,Software Engineer
4.894832516419661,2.4586016184254307,1.5284721287568392,4.199170619853447,Software Engineer
5.0,2.5295630778536964,2.994912153486066,5.0,Software Engineer
5.0,1.9663095575939462,1.945687585222147,4.749777963030469,Software Engineer
5.0,2.593351781281741,2.164114374531409,4.016493827007903,Software Engineer
5.0,2.0917379690275273,2.2829097531223264,4.930240924191315,Software Engineer
5.0,2.3777734025549178,1.9483223116659423,5.0,Software Engineer
5.0,2.835404387609416,2.9369177345967667,4.528941984989156,Software Engineer
5.0,2.5567781425709253,2.805388298989483,5.0,Software Engineer
5.0,2.481156239965154,1.4378487267106648,4.141651923666347,Software Engineer
4.401123493506146,2.1218860924259615,2.442070735738418,5.0,Software Engineer
5.0,2.5117636811803834,2.9214850544939166,5.0,Software Engineer
5.0,1.9497997059169359,2.7694387257878192,5.0,Software Engineer
4.53477312981591,1.0721377986292184,2.5919835442696595,4.936100629745256,Software Engineer
5.0,1.5547318045985496,1.4833317654910778,4.030283084284502,Software Engineer
5.0,1.5297916562195686,2.583169934628784,5.0,Software Engineer
5.0,1.797598691027166,1.8188501698181396,5.0,Software Engineer
5.0,2.943404382611281,2.8746769332343303,4.495581826558668,Software Engineer
5.0,2.682724258066797,1.9503700058159257,4.967490231781489,Software Engineer
5.0,2.0544611167516473,1.9209115376898482,5.0,Software Engineer
4.125233367647027,2.930789972379457,1.8286480482803866,4.722389734375411,Software Engineer
5.0,2.7926029013981317,2.0770433347838324,4.638834937886172,Software Engineer
5.0,1.0857333487138179,1.1367050388468944,4.784320937004974,Software Engineer
4.662093639280984,2.9343550327639667,1.5048108309125472,4.720460352787278,Software Engineer
5.0,1.1404922290595132,1.4988297275713836,5.0,Software Engineer
5.0,1.1362563424011385,1.6698315588223969,4.1461944083329865,Software Engineer
4.9149206474235605,1.1854034877764015,1.7711629048891508,5.0,Software Engineer
4.3181098657293,2.781648256960742,1.8294593836311144,5.0,Software Engineer
5.0,1.7044029570569637,1.7010811314267107,5.0,Software Engineer
5.0,1.0559207140511297,2.2485689804562465,4.273268470308293,Software Engineer
5.0,2.608353376343536,1.9247069177703893,5.0,Software Engineer
4.034768608120636,2.3036165773697945,2.9039714746623155,5.0,Software Engineer
5.0,2.0034139565710403,1.1682775680628776,4.702979068029743,Software Engineer
4.069469421043102,2.413944468869351,2.438522180567485,4.488326677161925,Software Engineer
4.515796092447244,2.7869810766524146,2.9369113346797993,5.0,Software Engineer
4.469884502249833,1.6712900499157333,1.4337459091346814,5.0,Software Engineer
5.0,1.9054901937542663,2.4317027117588363,5.0,Software Engineer
5.0,2.0726465357049086,1.42286455987167,4.408753991225353,Software Engineer
5.0,1.9681692923754204,2.496278809833888,5.0,Software Engineer
4.851578313994803,2.831600798771471,1.140613015621276,4.948215017210774,Software Engineer
4.0184162603135105,1.8841968177452604,1.0845284519444263,4.349565136791818,Software Engineer
5.0,2.7867561328386787,1.20062034434984,4.391530761471483,Software Engineer
5.0,2.67459964547362,2.2807014239874093,5.0,Software Engineer
4.042958866197499,2.738703815855073,1.640795720462656,5.0,Software Engineer
5.0,2.6799068659466863,1.326358115755308,4.465514128051412,Software Engineer
5.0,1.4179006651396067,1.8734312687527803,4.398725185766206,Software Engineer
5.0,2.275150714638061,1.0739811049921595,5.0,Software Engineer
4.645536226546101,2.551854829641745,1.8545545142979574,5.0,Software Engineer
4.09671461056876,2.4690433293240552,1.2134113686548564,4.2294288029699825,Software Engineer
5.0,1.6461267851175096,1.409094556883398,5.0,Software Engineer
4.827196110973166,1.8244786221374245,1.7643067756952764,4.9001554864551515,Software Engineer
4.873049921916597,1.0905687705959863,2.9066532563727367,5.0,Software Engineer
4.510766463343458,2.9891118164783492,1.638589732478738,4.471455475660923,Software Engineer
5.0,1.7368492198208925,1.9639685640347735,5.0,Software Engineer
4.115425583220489,2.6904136505908314,1.4120444551284401,4.174111516181898,Software Engineer
4.882755662523218,1.187619061940848,2.793652235882403,5.0,Software Engineer
5.0,2.2635682000486965,1.3480105345763056,5.0,Software Engineer
4.569097312595419,1.5225451821017453,2.020116382546031,4.033609396992908,Software Engineer
5.0,2.4105620758332664,1.5936072882287198,4.107928749876808,Software Engineer
4.3774366884896185,2.01840496716711,2.403402120681003,4.418131558277755,Software Engineer
4.410001725161391,1.5433717345341043,1.7434088408766273,4.796708159425346,Software Engineer
4.064856627797883,2.217139153025867,1.4465393392618835,4.273495594719716,Software Engineer
4.51722906925806,1.408861388751469,2.42623582469798,4.4395388058516785,Software Engineer
4.094763591769494,1.6401581309940363,2.6814279717583935,5.0,Software Engineer
4.876046613055937,1.9910794141375179,1.2159128993517918,5.0,Software Engineer
4.62087225893432,1.4853723330525967,1.6064378852704848,5.0,Software Engineer
4.903771208660755,2.229787029855114,2.0347169707621564,5.0,Software Engineer
4.620355348869902,1.8578931041383153,2.80156599143237,4.225079380932759,Software Engineer
5.0,1.6510787682942598,1.2224512371305853,5.0,Software Engineer
5.0,2.343221245515341,1.4106018591413925,4.908436384631581,Software Engineer
4.29914139416602,2.272157225918427,2.008900976328046,4.100265821686854,Software Engineer
4.455129968479715,2.939275331536095,1.5233905938318306,5.0,Software Engineer
4.252783907842803,2.3744140228207082,1.0647384903540245,5.0,Software Engineer
5.0,2.5163486603793928,1.5824243803488203,5.0,Software Engineer
5.0,2.207664200689284,1.0536490867377764,5.0,Software Engineer
5.0,1.5036084768961373,2.6203819176084666,5.0,Software Engineer
5.0,1.1569296370726168,2.1707317019308863,4.106289985565613,Software Engineer
4.969248878236163,2.2921783744284503,2.765418090138053,4.147072184230887,Software Engineer
5.0,1.9735747953637004,2.7402455483380144,4.413371581876973,Software Engineer
5.0,1.4290327024645915,2.163207545088026,4.243850047664654,Software Engineer
4.833542270535783,1.9941179892275267,2.21899240510722,5.0,Software Engineer
4.950784621943845,1.2082787443234455,1.07714173562621,4.331168447841177,Software Engineer
5.0,2.2457532390636272,2.0891868385210026,4.010306391932145,Software Engineer
4.849149688982641,1.6501958027017938,2.0309804439310675,5.0,Software Engineer
4.384948017152222,1.1654957836737652,1.040759582397856,4.23698426001137,Software Engineer
4.96476365980974,1.4312038087831902,2.0735205704231507,4.5131449835724355,Software Engineer
5.0,2.2698025422464543,2.0443887851528197,4.66804961404755,Software Engineer
4.536055917760489,2.948319693901602,1.4990768970462431,4.149153074819696,Software Engineer
5.0,2.679493430148389,2.51285446844856,5.0,Software Engineer
4.859403681203986,1.4517979855449938,2.669625583494107,5.0,Software Engineer
5.0,2.2468017506300084,2.327648128710032,4.6153778509289545,Software Engineer
5.0,2.293122576027004,2.874267953316036,5.0,Software Engineer
5.0,2.5406188494450515,2.9261208173792546,4.5800997009169295,Software Engineer
4.309304902700536,1.5957003249860466,2.277154070874881,4.725315689662406,Software Engineer
4.46891568924706,1.4176326050375623,1.8722162783347525,5.0,Software Engineer
4.007517100309984,1.50857424363939,2.4424479582908267,4.822711820010076,Software Engineer
4.66819359236525,2.4720073438021455,2.7942158117179705,5.0,Software Engineer
5.0,2.1507283158021115,2.3287307142569005,5.0,Software Engineer
5.0,2.9583965314881526,1.7118583940423273,5.0,Software Engineer
5.0,2.565725421417942,1.4689740962490079,4.7558992339625785,Software Engineer
5.0,2.7477075183087347,2.5028713233536815,4.894969032858665,Software Engineer
4.942943936568854,2.9570247655177644,2.561776099978613,5.0,Software Engineer
5.0,1.355668128964164,2.0283746940441008,4.8464478449958985,Software Engineer
4.392792962840757,1.6806961017344721,2.6698394426006296,5.0,Software Engineer
4.799000004488407,1.9965308983140548,1.4559154868234514,4.483346217035961,Software Engineer
5.0,2.9157362594494645,1.5204669272889044,5.0,Software Engineer
5.0,2.870979873797094,2.315833903903874,4.680025820923717,Software Engineer
5.0,2.060884998913214,1.593118484680786,4.992233836786424,Data Scientist
4.245767536748884,2.8791781827894214,1.7125877086437122,4.045883160458059,Data Scientist
5.0,3.3649662551506436,2.499990539489415,4.796687295454342,Data Scientist
4.801561730790652,3.7965320227201556,1.3819021970394223,5.0,Data Scientist
4.9759312184047015,3.036330551569025,2.644164152633746,4.685546533432819,Data Scientist
5.0,2.6986611055237306,2.1498735620287728,4.033437235805749,Data Scientist
4.647711541695594,2.638982061813822,2.4312457152043794,5.0,Data Scientist
4.986198168664435,2.957086047054378,2.4262886125803647,5.0,Data Scientist
5.0,2.5109252643706803,1.0041474372329329,4.583328333986646,Data Scientist
4.281458804936874,3.431248351636665,1.1632605384105454,4.693590520923175,Data Scientist
4.964270719488632,2.7878197904136908,1.8520663626481757,5.0,Data Scientist
4.152254160594327,3.295892341799166,1.8830694140781465,5.0,Data Scientist
4.696145961899687,2.826480606431668,2.6088283157748418,5.0,Data Scientist
5.0,2.6754631517944536,1.505428975678454,5.0,Data Scientist
4.031678160866897,2.1157211713461237,1.0006377399251396,4.951985134873081,Data Scientist
4.622967825211603,2.280604801851805,1.2568736278829877,4.252637991258993,Data Scientist
5.0,2.0074399753433383,2.936817292830699,5.0,Data Scientist
5.0,2.0656630663105062,1.1128880254325917,5.0,Data Scientist
4.089825434048208,3.0668786481801087,2.129588915400522,4.903315897426353,Data Scientist
5.0,2.622217935376965,2.8227959888457024,5.0,Data Scientist
4.894771056372688,2.523841299000761,2.454592429622731,5.0,Data Scientist
5.0,2.669452512145482,2.030209528514053,5.0,Data Scientist
4.900049727307812,2.822444855966686,1.3760331554904188,5.0,Data Scientist
4.5552997839843945,3.8861429225168695,1.7911363962491815,5.0,Data Scientist
4.811561538884923,2.867621144673482,2.1071214998044523,4.027255194150584,Data Scientist
4.607005843822396,2.6361008231848304,2.7134499017185805,4.274473470136827,Data Scientist
4.439116180729872,3.403879207046049,1.2600290419601412,4.307483070189385,Data Scientist
5.0,2.890376150577594,1.8403005583867174,4.040738614613914,Data Scientist
4.360609061542692,2.6457349089411246,2.5472514871003247,5.0,Data Scientist
4.727859312163292,3.8598522286352237,2.522020806495759,4.566263883386024,Data Scientist
5.0,2.1399597356779547,2.774400375441159,5.0,Data Scientist
5.0,2.96795350155646,2.2498159988137822,4.970479882609361,Data Scientist
4.2713704016336775,3.590259711412704,2.521616429476858,5.0,Data Scientist
5.0,3.6224731554735845,1.0606389925965605,4.940044249065717,Data Scientist
4.923563779195894,2.904495913056104,2.259784027457348,4.224260489213161,Data Scientist
5.0,2.571472998764606,1.4303837124292111,5.0,Data Scientist
4.789425337259296,2.412339644291209,1.1839799093784311,5.0,Data Scientist
5.0,2.7355517218884677,2.3377572623608436,5.0,Data Scientist
4.733404179371836,3.6889460853489284,1.6006443154679648,4.8802428543994285,Data Scientist
5.0,2.9782014670970405,1.2616788230411389,5.0,Data Scientist
4.546841349523838,3.033130673862935,1.0254787614339236,4.866091708294283,Data Scientist
5.0,2.6907569470843766,2.8448092484618694,5.0,Data Scientist
4.562018990881938,2.257359230205971,1.4166112372310902,5.0,Data Scientist
4.444010288884026,2.9187918298218234,1.9006583340689625,5.0,Data Scientist
4.3732655156326,3.459178750774515,2.6751691989293445,4.6445481308834395,Data Scientist
5.0,3.7157317020858516,1.601790097237713,4.04163881786204,Data Scientist
4.739617720242647,2.1798094832428325,1.7712127853868591,5.0,Data Scientist
4.400116478254641,3.5669112020804663,2.56466059963086,4.86841199556578,Data Scientist
5.0,3.874350732813018,2.1873046862989174,4.657015485205392,Data Scientist
5.0,2.403423972600363,2.3477383617719996,5.0,Data Scientist
4.542781423020674,2.2454020141877935,1.466515951569978,4.83848901798285,Data Scientist
4.259874771411204,2.8856268686158657,2.1153599936521954,4.976581209369404,Data Scientist
5.0,2.548705459616638,2.555937200415195,4.031621477971582,Data Scientist
5.0,3.2926692847234187,2.6525110855806897,5.0,Data Scientist
5.0,2.415027761235854,1.2935426921071014,4.427602738115267,Data Scientist
5.0,2.24185515725044,1.258573600717739,4.999980937678075,Data Scientist
4.598101711308524,3.972221927956814,2.3729686580780283,4.57893766342732,Data Scientist
5.0,2.0933879648969906,2.6589652385394738,4.272869482359887,Data Scientist
5.0,3.2354942815486547,1.7315826820102531,4.755456064316674,Data Scientist
5.0,3.5696107255303664,2.2283965317289285,4.64406889029918,Data Scientist
4.096753325019974,3.4107320258490645,1.6622956143511527,5.0,Data Scientist
4.023271922797571,3.967448165189066,1.884269379687946,4.460508800563935,Data Scientist
4.127624612525466,3.8938839774273992,1.3430230800383356,4.364450542115166,Data Scientist
5.0,3.9082636903721113,1.6010302756759653,5.0,Data Scientist
4.873353217975594,2.4580394214049477,1.8777056527077423,4.198436963749591,Data Scientist
5.0,2.1256601653650296,2.2718049031592553,4.010889952480838,Data Scientist
5.0,2.5823732754745063,2.994642196884343,5.0,Data Scientist
5.0,2.9495509668188484,2.3449459132416104,5.0,Data Scientist
5.0,3.4415242370556474,1.151818800721628,5.0,Data Scientist
4.424202063697173,3.986305575116131,2.0319628423292593,5.0,Data Scientist
4.264953837906521,3.8961085702527036,1.8077988794153188,5.0,Data Scientist
4.889318659116348,2.5697937802266093,1.044565833809934,4.283407389396119,Data Scientist
5.0,3.6759325800444693,1.3285335208241074,5.0,Data Scientist
4.383426815462472,3.45707708822622,2.0105823336587036,5.0,Data Scientist
4.452447901907448,2.7310809481325182,2.495469384426642,5.0,Data Scientist
5.0,2.7706748136632253,2.6466005740852454,4.104898407140384,Data Scientist
5.0,3.0949208772969907,1.6694525448296524,5.0,Data Scientist
4.397859211848919,2.654302725039157,1.444110119745252,5.0,Data Scientist
5.0,2.9670817746485945,2.8673243269793054,4.021275665165006,Data Scientist
4.308379062678213,2.10676433945553,2.530767292937387,4.948412803650048,Data Scientist
5.0,3.9688757258850624,2.871030191987759,5.0,Data Scientist
5.0,2.48602570524413,1.0706719869465051,4.0903321618767565,Data Scientist
4.88057035568607,3.4395833640513844,2.091219267211387,5.0,Data Scientist
5.0,3.132764797722837,1.8589956334670088,5.0,Data Scientist
5.0,2.7466437486405493,1.3066808283775717,4.619178866154826,Data Scientist
5.0,3.173821482843751,1.3627739749417216,5.0,Data Scientist
4.378647159392576,3.5509731693710704,1.8656090426427652,5.0,Data Scientist
4.057420647577014,3.034203029974419,1.5480671400491264,5.0,Data Scientist
4.779771740129118,2.514806974517034,1.3922636424129948,5.0,Data Scientist
5.0,3.3079267524533007,1.8978513148105147,4.803336509302126,Data Scientist
5.0,2.6290111913684777,2.868517027456795,4.030837550873889,Data Scientist
5.0,2.5165757657306678,1.2576807093389728,5.0,Data Scientist
5.0,2.735646515290451,1.9825345975188182,4.685339805730714,Data Scientist
5.0,2.042752125015122,1.1769235070783117,4.243922633863307,Data Scientist
5.0,3.427515337288765,2.0219302252384606,5.0,Data Scientist
5.0,2.493596937269347,1.5849578788806846,4.143924631687552,Data Scientist
4.446888156633512,2.417137138379479,1.9787150125766417,5.0,Data Scientist
5.0,2.5237329165957476,1.0492539653982884,4.700493742300021,Data Scientist
5.0,3.2293991548610026,1.673589910106741,4.0641194889103,Data Scientist
5.0,3.256892540788284,2.917998988347855,4.25096480131566,Data Scientist
4.545741609518969,2.097711323003799,2.110952083572358,5.0,Data Scientist
4.203909695882231,2.0547901206916728,2.9835130970267896,4.3066220671290925,Data Scientist
5.0,2.1739247123424583,2.154731244460719,5.0,Data Scientist
5.0,3.566093992502478,2.9522279832450975,4.465347914177951,Data Scientist
4.890801152045083,3.560943661027201,2.451519926176894,5.0,Data Scientist
4.74471812501492,3.362866241603103,1.824627042937155,4.942758410886203,Data Scientist
4.115802457464769,3.0654896801661766,2.8169687258387346,5.0,Data Scientist
4.852051711299462,3.348623286244324,2.6371189971517355,4.837958544199623,Data Scientist
5.0,3.366819902723737,1.6758372095062577,5.0,Data Scientist
5.0,3.0490469323272356,1.7012799382077002,5.0,Data Scientist
5.0,3.6509390330973317,1.3279949244288518,5.0,Data Scientist
4.336840924636949,2.997604060534175,2.3580134581543115,4.880870753545789,Data Scientist
5.0,2.085080726462634,1.5117666296518426,4.31989528225539,Data Scientist
5.0,2.6920027097392922,2.5083508039925215,5.0,Data Scientist
4.562953431018515,3.4332228654080126,2.3198166122602277,4.314238581638691,Data Scientist
5.0,2.4730647556636542,2.825813525592471,4.111046956433346,Data Scientist
4.152570377686583,3.1844858694033578,1.388374471674527,5.0,Data Scientist
4.965066334280099,3.0751951701123943,2.1003908715337953,4.54063800733155,Data Scientist
4.363641392171063,3.3214927799091694,1.4738095144515733,4.157609173279019,Data Scientist
5.0,2.5686419041038846,2.205470915911669,5.0,Data Scientist
5.0,2.271059695455092,1.5248379735474977,5.0,Data Scientist
4.71080775448442,3.2702727155732543,1.8158901010329485,4.487759048291914,Data Scientist
4.564807276654406,3.2380216943189812,1.4767375925003379,5.0,Data Scientist
4.465822869610722,2.940960943311814,2.3091502773311756,5.0,Data Scientist
5.0,2.3467399242755262,1.891785584554379,4.175626826392763,Data Scientist
4.294865541048819,3.9480399955773517,1.9203506230329586,5.0,Data Scientist
4.643142484895064,2.054150051831429,2.1679298396253497,4.154809627674059,Data Scientist
4.008823203238268,2.890861359438072,1.408362444204554,5.0,Data Scientist
4.53428577227216,3.442782111399756,1.1949504835844473,5.0,Data Scientist
4.3578807819409136,2.448267415642865,1.4112081570090727,5.0,Data Scientist
4.2741490558345,2.4098240357134904,1.1415605735293661,5.0,Data Scientist
4.459747289576103,3.1432343360391504,1.686218913433599,5.0,Data Scientist
4.3609044493747895,3.899445991430012,1.533650788230058,4.5067273589476855,Data Scientist
5.0,2.9030203602664137,2.5464755127305594,4.588915678852867,Data Scientist
4.853654619438462,3.0229303458379144,1.630720204275156,5.0,Data Scientist
5.0,3.0418965218424794,2.724906679642645,4.804487357521548,Data Scientist
5.0,2.017078504200721,2.2101566297190987,5.0,Data Scientist
4.7113966674729,3.48780496052117,2.5902410399103104,4.074986867170834,Data Scientist
4.293682594856999,3.6785562754947962,2.6798410095811294,4.0535129985291185,Data Scientist
5.0,2.30374604897997,2.252978183777234,5.0,Data Scientist
4.806772197130121,2.5533242775380627,2.79629760103097,4.96176713217246,Data Scientist
5.0,2.422662109079088,2.5152381684415133,4.487981537438055,Data Scientist
4.632646596729944,2.0566412877068676,2.1479451094599726,5.0,Data Scientist
4.745255318831881,3.90042127462556,2.038818523299244,4.277950089254824,Data Scientist
4.50718773999462,2.5172385984773604,1.715895302928613,5.0,Data Scientist
5.0,3.3842742028385304,2.28836326982823,5.0,Data Scientist
5.0,2.6006294183279333,1.6304498296269596,4.707470878046136,Data Scientist
5.0,2.0526504136575197,2.265447108616222,5.0,Data Scientist
5.0,3.702973792387526,1.2980482288854158,4.047854664118576,Data Scientist
5.0,2.797775008684237,1.8997257964574177,4.535729712093455,Data Scientist
2.6150435856665233,4.817023345039877,2.0660012862144654,1.6380873540825127,Designer
2.509848524884845,5.0,3.7055243574472354,2.979789611625881,Designer
1.5455923573247705,4.619719243747501,2.7914150947134964,2.6995837368591533,Designer
2.844828381405116,4.13914751592575,2.86001444009142,1.962626350880418,Designer
2.6144983013661847,4.928987025419593,2.600400042434887,1.1651604759890473,Designer
2.9396722113923475,5.0,3.488118560735285,2.3641299540167955,Designer
1.5031581252838717,4.851082136518627,3.215403232508198,2.427411073912843,Designer
1.2402183630563113,4.75896454066878,2.6825432698652456,1.441975608188288,Designer
1.6155948721113529,5.0,3.9191555682438777,1.7318833737518031,Designer
1.521982980437913,4.247330779909725,3.873485894377848,1.0990591921943205,Designer
2.250467737733967,4.575463385402016,3.032410768216131,2.46181201498832,Designer
2.6514428883738406,4.702295787572014,2.578836465963687,1.7832379970769916,Designer
1.6959689418978152,4.374823929238525,2.363582644367275,1.7768839018325562,Designer
2.941042258087322,4.249051095858228,2.51129737539207,2.854134905731302,Designer
1.2797696951280515,5.0,3.1877969668098203,1.688363055105204,Designer
1.643276106561878,5.0,2.9973401169257547,1.5169129647546657,Designer
2.7091289237044283,5.0,3.926221286485174,1.0131996389970723,Designer
1.577976787354618,5.0,2.9481658019981025,1.9781136521573253,Designer
2.7596619293775984,4.347573172209821,2.5826806957393975,1.563408755988935,Designer
2.457396286632931,4.835545092288183,2.2993428980509902,2.638465680235633,Designer
1.5700070610015382,5.0,3.1482194145112214,2.4398693528721176,Designer
1.9790213395048704,5.0,3.5386297328874265,2.39670170522751,Designer
1.1896159278505536,4.663034609958499,2.6717465628729578,2.184701963920341,Designer
2.911019393790483,5.0,2.9681128884525183,1.7838395095276658,Designer
1.3910757361026171,5.0,3.7058006283118505,2.0390018034807915,Designer
2.048350262010129,4.306986447909469,2.9547558486727885,1.4536911454622246,Designer
1.7053632842281783,4.27547890884207,3.9641043773961457,1.1063294797351975,Designer
1.9301813316310936,4.973269469427271,3.650515587939248,1.802622791887823,Designer
2.410278216926839,4.2971540047205306,2.079085311378291,2.273266092415585,Designer
1.5951491832469922,5.0,2.67749665203418,1.2912164825028898,Designer
1.4748913549643246,4.801660400143741,2.9150327942341674,1.1726189605429962,Designer
1.0454107539535284,4.037249473309333,2.7677023699574406,2.9537879506794202,Designer
1.6347655733778514,5.0,2.413229616336641,2.9760276324316406,Designer
1.6093993205011856,4.250164169992836,2.0920714959628777,2.646123617062786,Designer
1.3435806634814749,5.0,3.1926300136042745,2.768694139867028,Designer
2.752111886005191,4.900820155121326,3.2097365654230128,2.073202214628995,Designer
1.66179730260022,5.0,2.351420904589254,1.30519220594542,Designer
1.3434341857900631,4.939637649374054,3.2588793908139575,2.363452600584939,Designer
2.6934260197510977,4.868584926947423,2.105500613450953,1.1842541808077494,Designer
1.9772933154305898,4.650814462624868,2.4784466577728623,2.155310344512161,Designer
1.1719540335634702,5.0,2.634543701966359,1.6183160628375404,Designer
1.4498388412913765,5.0,2.5760602309325416,2.7306822201476155,Designer
1.9281718114663962,4.592277065007113,3.2320964429630497,1.3794271170181647,Designer
1.4005897103483025,5.0,3.037652925556801,2.7820947156894387,Designer
1.7543496119905588,5.0,3.0850658693093025,2.441137680841284,Designer
2.5189012999727436,4.867524430599114,3.1583281429023815,1.1057851677473,Designer
1.2077644208701206,5.0,2.279860220163804,1.434877266931852,Designer
2.0223011066810694,5.0,3.304893786693729,1.64463479605839,Designer
1.056785839112849,5.0,2.660413453349529,1.508827417894659,Designer
2.3565994113939803,4.728662303034051,3.0626767862574757,1.1099948648539268,Designer
1.498135039127861,4.854746330821666,2.9464229381906035,1.1625950893552723,Designer
1.304528863480761,4.094745836132418,2.881159792551209,1.6699142384123107,Designer
2.895592496645574,4.742398598522524,3.8168246419892506,2.4264947440884983,Designer
2.9933311230681747,4.790998668607929,3.747651459352138,2.6234506583652433,Designer
2.40928368577024,5.0,2.8616404664630934,2.777194078932654,Designer
1.3304514105512149,5.0,2.075735300007819,2.4069394412227525,Designer
2.747293859945045,5.0,2.4191718626491703,2.4767927218222274,Designer
1.8526761867752632,5.0,2.98249496526838,2.6798993958931607,Designer
1.2126292799003147,4.434534637787798,3.6815777459020658,1.205062161581974,Designer
1.4573436191151936,4.829736898334435,2.3977976560662375,1.960871383247908,Designer
1.8635245324431429,5.0,2.6298042174294585,1.7162309778102014,Designer
1.3142496484015656,4.787926784188151,3.3587589623647087,2.182467095828613,Designer
2.747311196525236,5.0,2.675858195234871,2.967553940170993,Designer
2.327902824879443,5.0,2.7599294840773285,2.901918096545861,Designer
1.4882340984294193,5.0,3.078480772372682,2.916725193989204,Designer
1.6728973478454412,4.3493656748019065,2.122441013452077,1.4680747797623899,Designer
2.2758727722006,5.0,2.6549818437897876,2.5944434422322056,Designer
1.9113472701514087,4.29936270680086,2.167691043747669,1.6661150980259025,Designer
2.6602573573268797,5.0,2.6257982453847584,1.992799449180553,Designer
2.7958667853735095,5.0,2.216918878112089,2.545533776499677,Designer
2.3021708767164313,4.333611203971532,3.000359505434309,2.4879809254467524,Designer
1.9062703722956629,5.0,3.7322025664788607,2.7678491857996903,Designer
2.305087540510704,4.0607766670511936,3.777775414051403,1.600323720218891,Designer
1.718003318189065,4.404009030832489,2.485825453013022,2.597777563973281,Designer
1.0671112564903888,4.321047809304123,2.197594741500841,2.1128499791575037,Designer
2.7129794584564957,4.2920765432694195,3.5117134642749424,1.107081202976021,Designer
1.260293969875779,4.789470781040533,2.3522290041446423,2.144229049378746,Designer
1.5981034991254814,5.0,3.6808962650129455,1.9914458182106094,Designer
1.0097836799230868,5.0,3.683652802790408,1.0608754109381309,Designer
1.9576626239073411,4.750493084246302,2.2627148949693394,2.322209231501218,Designer
1.8682560177669605,5.0,2.9531476257172082,1.2530136460467778,Designer
2.040551325010017,5.0,3.775301088564528,2.4534317361078353,Designer
1.364932621707702,5.0,3.9402270760297964,1.4115083287817372,Designer
2.179027002067708,5.0,2.6386827289713857,2.6926509616505663,Designer
1.8825946588306097,4.846946637646909,3.1812646911977898,2.6304883040712035,Designer
1.9908743846304813,4.748738617925156,3.8413320094495464,1.0746123391366098,Designer
1.2129981640465184,5.0,3.83300545527352,2.4716339326880283,Designer
2.2677149481232077,5.0,3.046586442384673,1.6960184059159849,Designer
1.6183859795670914,4.3706059403054835,3.8809206168262804,1.8828750441805648,Designer
1.984387900358812,5.0,2.310791891262578,1.9556986220514094,Designer
1.785215303292004,5.0,3.526144114310455,1.4019409254894404,Designer
2.352362040311424,5.0,3.5202174126751045,2.7878072136827203,Designer
1.8906809795754813,4.10647768019661,2.3667537023491074,2.194560070693962,Designer
1.4285421028528338,4.536362337472116,3.831522142007091,1.1916838516732977,Designer
1.4032859753957119,4.33339621750798,3.2634255151004776,2.9714573518343004,Designer
1.5050295904082946,5.0,2.313103115544326,1.8902245854564006,Designer
2.901841599808649,4.027095210438728,3.748578650835995,2.220354541500964,Designer
1.9269683955938661,5.0,2.829344656388943,1.442137598417872,Designer
2.069286168679545,5.0,3.1287290179363243,2.724030602332966,Designer
1.6470811398632415,4.817998931637792,3.07045841682542,1.535354083796671,Designer
1.4651128426566933,4.256555727926664,3.3523708413654765,1.7055577901482268,Designer
1.7085204915005896,5.0,3.573736586679691,2.477751970255957,Designer
2.3495210015232413,4.159882907034477,2.127003035802903,2.090626222790859,Designer
2.076837677715271,4.3032236841596525,3.1358351438778413,2.996339354380392,Designer
2.925621630879572,5.0,3.939080055163224,2.4920023671506124,Designer
1.8731991866804043,5.0,3.136543835644523,1.5262792797073816,Designer
1.0981136469699018,4.559389963982668,3.81231002252511,2.62229759826577,Designer
1.3032565097513924,4.702782152701372,2.560447341338624,1.8584825670749874,Designer
2.9716822377670757,5.0,2.242623953818975,2.249555935704729,Designer
1.7506512594980568,4.130300436981544,2.2717027446472495,1.2233191109224726,Designer
1.3664744909569941,5.0,3.6986223279813277,2.4863236805748015,Designer
2.0374156221012814,5.0,3.7950149505944237,1.382562176872363,Designer
2.0435340581840875,5.0,3.06908429512679,1.3397038327207833,Designer
2.7501851544219824,5.0,3.738116272820186,2.6991376312124364,Designer
1.639590535407778,5.0,3.978423106130482,1.5238281510687592,Designer
2.5968852665275435,5.0,3.0451325566362932,2.9349317901855985,Designer
1.9320815312292563,5.0,3.397572592888424,2.505115757393371,Designer
1.9695998148605298,4.808967428921882,3.635201720898834,2.6845472157240513,Designer
1.0830135639213685,4.24219631404677,2.3116205163295707,1.2455912501461848,Designer
2.96878373300213,5.0,3.066442922268161,2.1808277723763245,Designer
1.5775417280354298,5.0,3.917011741371187,1.219582721349447,Designer
2.6002737573707115,4.287537632009457,2.3183981838625063,2.0029339083888873,Designer
2.2476169789559055,4.9879681967744816,2.112079155052991,1.587256261355581,Designer
2.542940392871393,4.393494436788534,3.5109285762469833,1.9352559189419918,Designer
1.1281187213230934,4.372742094076374,2.926223385871383,1.437369889067062,Designer
1.7557701774143135,5.0,2.51258460044439,2.4511469764113265,Designer
2.966368251952012,5.0,3.1532988028868,1.093599650109552,Designer
2.7150325318779807,5.0,2.042953069669484,1.1092073629905637,Designer
1.20877654694902,5.0,3.0557127626701748,2.736559411562455,Designer
2.8932187187808402,5.0,3.4993224657094197,1.3198905432881116,Designer
1.7166815126146866,4.399561898268845,3.8103808246438993,2.0756575663913077,Designer
2.0367414882875376,5.0,2.1448163397202675,2.15022817052345,Designer
2.765777534849282,5.0,3.0100491954903976,2.4993712012886977,Designer
2.391470330955577,5.0,2.0983668381445684,1.3093007324855794,Designer
1.8058773341722816,5.0,3.1326132285725627,2.2886564905328473,Designer
2.544792117064052,5.0,2.4065764931886964,2.6579682605321775,Designer
2.5521934992896527,5.0,2.19491325128296,1.7426886361300982,Designer
1.6253510028645275,4.190700820469373,2.8616580676616854,2.323822578673709,Designer
2.386308054003055,5.0,3.2433342542516668,2.3154718580018363,Designer
1.3733390638715164,5.0,3.2961890584346207,1.9455067934118901,Designer
1.1362006839076109,5.0,3.0560609733664146,2.331108857708063,Designer
2.3441848556846594,4.045873952013051,2.0411669924541087,2.746250611394551,Designer
1.9106071665107058,4.287521206613932,2.7619598073322185,1.2987671771358016,Designer
1.0971538239063647,4.172021248257962,3.5599369878740044,2.3149101596648056,Designer
1.8856753033772,4.663762499382496,2.323060330285684,1.0293422447089116,Designer
1.0854292553419576,5.0,2.639720975168724,1.8328855896597211,Designer
1.9610547273081995,4.815835314351502,2.9532270870337136,2.7678545349894694,Designer
1.423408543015755,5.0,2.0698584073362873,1.17803645924844,Designer
2.727328977755618,4.512387746172529,3.8049112926009645,1.1073052993246364,Designer
2.4881203656874007,4.364252971656972,2.045113146106816,1.255493582039009,Designer
2.655286019388746,4.916956489134613,4.833691741910209,1.5813045630301508,Psychologist
2.6575778365315417,4.243755765419098,5.0,1.0,Psychologist
3.8750469770597338,4.264001804803157,5.0,1.0,Psychologist
2.137368653090374,4.120123452609647,5.0,1.20848917407629,Psychologist
2.3059493246166785,3.9491797154962676,4.462597452623921,1.9365970213159758,Psychologist
3.3532949744316243,3.8425620907437787,5.0,1.0,Psychologist
3.1746923931108073,3.280108683740114,5.0,1.444397712722541,Psychologist
2.5216593455698684,4.209549030969955,4.536149350799216,1.6661858573650652,Psychologist
2.6775591057370973,4.283086277273412,5.0,1.4377911658835332,Psychologist
3.236453260311359,3.262612931487806,5.0,1.0,Psychologist
3.729458763343987,3.8728413749858523,5.0,1.5187788846395553,Psychologist
3.4110305173473634,4.457434705568172,5.0,1.0,Psychologist
3.3337822037054554,3.769270406986222,5.0,1.8046826539783514,Psychologist
3.407510121148656,3.8247002851517644,5.0,1.0,Psychologist
3.9519629258690534,3.6544968715166517,4.42242012926611,1.0,Psychologist
2.6601757296371495,3.893907151218891,5.0,1.0,Psychologist
3.1681803402777775,3.0157059225301017,4.168884576368868,1.0,Psychologist
3.159863983772747,4.746374331241789,5.0,1.4329364631766324,Psychologist
2.0766133288027815,3.4333496815228806,4.355963738982925,1.2275250054630689,Psychologist
3.4023106162586063,4.021700166867406,5.0,1.7325212909428667,Psychologist
2.356457013280604,3.43839635375251,4.36096781704163,1.0,Psychologist
3.978790837588159,3.863681931725862,4.738845997344078,1.569773043481107,Psychologist
3.6445339002437516,4.035901347799538,4.202937546847092,1.0,Psychologist
2.5023561031981374,3.436288157452077,5.0,1.3990556649880013,Psychologist
3.523392316984297,3.4960615254668044,4.058529839732025,1.0,Psychologist
3.8977554748539713,4.312857658743299,4.805178830715528,1.4767277995197599,Psychologist
3.836629907593071,3.526150354619518,5.0,1.7205426425305896,Psychologist
2.162346087103304,3.518827674231049,4.407206475369104,1.2582356889637198,Psychologist
3.4115423019475495,4.876825706805875,5.0,1.0,Psychologist
3.5184330960808374,4.939490456164072,4.811920620817551,1.4921246767527137,Psychologist
3.9172381574178896,3.1030834647520464,5.0,1.0,Psychologist
3.785962379302588,3.0833579629421735,5.0,1.0,Psychologist
3.0439480365925577,4.313356128148061,4.943971096926589,1.1113721868896145,Psychologist
2.112824305415528,3.0262265981523164,5.0,1.0,Psychologist
3.5615957084531598,4.611751252594078,4.848900508256214,1.5470240501701014,Psychologist
2.4422810435262896,4.48590305514681,4.17774528343561,1.0128618712390705,Psychologist
2.8358588314383972,4.861118449558608,4.011190760068346,1.7439983903124876,Psychologist
3.7066381026034145,3.0041955484134473,5.0,1.7645604411457134,Psychologist
3.58328527683374,4.814820496802192,4.3852336476459195,1.0,Psychologist
2.9199387329223843,3.703712494360511,4.849916116966625,1.6807688439186845,Psychologist
3.506585535770671,4.025570854177456,5.0,1.1203009859439115,Psychologist
3.428361297828439,4.4001777465208045,5.0,1.0,Psychologist
2.4030365032624568,4.378662604635426,4.1390019930130855,1.0,Psychologist
2.0881220068416235,4.445700506446919,5.0,1.0,Psychologist
3.6602528715240155,4.226018371279186,5.0,1.0,Psychologist
3.76349132154453,3.471199471387621,4.736390758581815,1.0,Psychologist
2.8848241393658514,4.767028409493497,4.646086316476451,1.0,Psychologist
3.873173389017181,3.317967943822144,4.459132992048248,1.0,Psychologist
2.4322993412850566,3.7914784313312424,5.0,1.0957901737384024,Psychologist
2.5778525180079006,4.732375768718816,5.0,1.486970868378515,Psychologist
2.4506990960886545,4.162287867915255,5.0,1.0,Psychologist
3.1865805292926925,4.280515771493886,4.207915540692402,1.8486382425328978,Psychologist
3.6082956858000124,3.178305178162894,5.0,1.0,Psychologist
3.27843422324365,4.013788440825471,5.0,1.0,Psychologist
3.275665964096733,3.707824974253654,4.043254951870618,1.0,Psychologist
3.252514997616897,3.2805799285080957,5.0,1.553399206009372,Psychologist
3.129643553887502,3.3635876202327077,5.0,1.9766522670587316,Psychologist
3.3836893235701355,4.705556506518757,5.0,1.2406800934438655,Psychologist
2.3946270770241913,4.3923053729201325,4.376817093100031,1.0,Psychologist
2.6454067826701273,3.135311698410676,5.0,1.0,Psychologist
3.118205628947134,4.6321392969974795,5.0,1.0,Psychologist
2.7976273690086173,4.776371916355682,4.933584287009936,1.2293203523259841,Psychologist
3.247535774622601,4.2530124113404675,5.0,1.0,Psychologist
2.4366801176107304,3.0075388748699887,4.811402850917164,1.8258674103130725,Psychologist
2.015603167822296,4.432732471021566,4.553755940736215,1.0,Psychologist
2.943121883009966,3.9450749104570093,5.0,1.0,Psychologist
2.7692994378259916,4.258579869194125,4.417359448940527,1.0037151439715881,Psychologist
3.046868413787859,4.648484558841505,5.0,1.0,Psychologist
2.9374588140228015,3.9398907427106433,5.0,1.0,Psychologist
3.33687423054584,4.996482508748829,4.0643912872302135,1.40185847410918,Psychologist
2.480365745057369,3.7982413297118605,4.197851676112521,1.0,Psychologist
2.731738366904233,3.79258735679389,5.0,1.0,Psychologist
2.3932334753017264,4.543390837597828,5.0,1.1928390054922617,Psychologist
2.819557775939133,3.236339610100689,4.693486950021527,1.0,Psychologist
2.4076874987322068,4.240680266331154,4.719997088707639,1.0,Psychologist
2.235514470654514,4.2048923908936,4.678793786157587,1.0,Psychologist
2.24324091576133,4.328374820920536,5.0,1.2021142136076617,Psychologist
3.0002603892375603,4.166226749662804,5.0,1.0,Psychologist
2.69562830122117,3.836365877145636,5.0,1.0325619971562159,Psychologist
3.4231748983667094,3.137418385550515,4.326800487324494,1.6272304367293677,Psychologist
3.2572751762229815,4.3825055227826795,4.318818619533181,1.0,Psychologist
2.9376029250644162,3.3411638104906527,5.0,1.0,Psychologist
2.1827168936992107,3.46855098260066,4.645236533848637,1.3413117122368465,Psychologist
2.811523804450602,3.055493226489089,4.935085971759065,1.0482279840145006,Psychologist
2.2897274997971637,4.600708508829977,4.315386756278072,1.0,Psychologist
3.6390564207603457,3.013631428028609,5.0,1.0,Psychologist
2.11014683282533,4.5292375729398495,4.915821866180773,1.0,Psychologist
2.049410913818004,4.836847387401263,4.0635672987649185,1.0,Psychologist
2.8550734486204803,3.8082142813296125,5.0,1.0,Psychologist
2.0392022187588594,3.7351231899182036,5.0,1.0,Psychologist
2.0333648165809253,4.335100175253348,5.0,1.5543259265201481,Psychologist
3.773166991858505,3.5519099499232056,4.558797440820214,1.0,Psychologist
3.716745555165998,3.2337839920389704,5.0,1.0,Psychologist
3.413825030189837,3.8839735856087287,4.903501656426664,1.0943409332954293,Psychologist
3.2947932789706464,3.5350869063763204,5.0,1.0991821338830918,Psychologist
2.104683196067282,4.3178162532605056,5.0,1.0,Psychologist
2.836716107165338,3.0250374233271273,4.24452595290407,1.1808190527985591,Psychologist
3.776858829182701,3.7650074570841268,5.0,1.3317155343626346,Psychologist
2.936156595397745,4.054722232931583,5.0,1.7607835606097153,Psychologist
3.2383542163740198,3.2113124567197042,4.942650435749389,1.1389854635907604,Psychologist
3.986879564542744,3.4764628110117535,5.0,1.0,Psychologist
2.3491375700775086,4.790550595810389,4.982862870240986,1.4096507961825235,Psychologist
2.48920319426297,4.444799930177219,4.322634567610856,1.0,Psychologist
2.5696055131325135,3.2578898165019314,4.385009554465104,1.0,Psychologist
3.9995271192627264,4.54001605077319,4.792984733416387,1.456340663640954,Psychologist
3.1754010302404403,3.223400265314294,4.500683822689025,1.2452564260964822,Psychologist
2.0870742528314263,3.889388960406044,5.0,1.0,Psychologist
2.28019650582264,3.12258916479711,4.157599018521531,1.1852428309474372,Psychologist
3.8968948541601796,3.080073057726672,4.770125752571636,1.638171425153685,Psychologist
3.3871265062284035,4.605691095768312,4.239933346808443,1.847764800817822,Psychologist
3.2133852563306005,3.3758340490795113,4.473390459582738,1.0,Psychologist
2.7844041226268086,3.558651983044295,5.0,1.251528878708177,Psychologist
2.3908341684653864,4.226690710770185,4.664997633223227,1.4715024448518779,Psychologist
3.0802029717816604,4.798786493320555,4.527540556765709,1.4722212591966723,Psychologist
2.267451937136969,4.033120974721207,4.5686555554272825,1.2993774735443446,Psychologist
3.5300591529810728,4.908575203986201,5.0,1.9644772000897759,Psychologist
2.3387247962991213,4.711064700082101,5.0,1.0,Psychologist
3.484981578608644,3.44653037360497,5.0,1.0,Psychologist
2.4692218365570633,3.4177958295453768,4.622151177903172,1.0,Psychologist
3.1591572916556108,4.065956536361096,4.302098316788166,1.0,Psychologist
2.634583840911814,4.199014589610795,4.12514673542109,1.0,Psychologist
2.697676214397004,4.3417409273654926,5.0,1.698558527005394,Psychologist
3.7450473087670466,4.613709531160261,5.0,1.0,Psychologist
3.768858042061135,4.653747045853038,5.0,1.0,Psychologist
3.8749496762231916,4.8613818264415745,5.0,1.0,Psychologist
3.851420883187905,4.89561257863244,4.81019316508711,1.0,Psychologist
3.1207941041512925,3.94759408459414,4.847912805946689,1.463471921942133,Psychologist
2.8103795696798417,3.817662807363136,5.0,1.0,Psychologist
3.4608786647480345,4.751405089525935,4.096886871208418,1.5504840695102797,Psychologist
3.197443636245424,4.588547582698837,5.0,1.0,Psychologist
3.4190937029687656,3.9975646948607704,5.0,1.0,Psychologist
3.5216322308993,4.367497644606275,4.697475195638647,1.0,Psychologist
2.2495727915876467,3.130238092362486,4.088598724438363,1.6087329924571185,Psychologist
3.91455837338615,3.1459178428632706,4.772733068552393,1.3838447755189196,Psychologist
3.511980931786143,4.6417247669709205,4.799007159831719,1.0,Psychologist
2.660543270090118,3.333894385897687,5.0,1.0,Psychologist
3.7608561601762656,3.039617543085902,4.014135062296765,1.0,Psychologist
2.2536197419411335,4.5734599541035585,5.0,1.4598488260330689,Psychologist
3.1568696030122654,4.9441783733089855,4.61684699163868,1.0,Psychologist
3.4587959888100936,4.488744547066096,5.0,1.0,Psychologist
2.928461494217771,4.144183704789999,5.0,1.7052180788919948,Psychologist
2.875267687765604,3.3487694391293257,4.289945443324545,1.0,Psychologist
3.4247768975814123,4.81617851110507,4.212836867712355,1.0,Psychologist
3.4807875025019683,3.9311161128391974,4.91664226569011,1.77076778811555,Psychologist
3.3033604956235103,4.032062576245206,4.104554490564349,1.0,Psychologist
2.2716369437831148,3.5754851508606205,5.0,1.814428081269572,Psychologist
3.8878417563810723,3.6774795180967637,4.907509586813398,1.7014135606349536,Psychologist
2.0978383412559216,3.9595862872165,5.0,1.7293271197716802,Psychologist
3.127708807871975,4.510594359877432,4.871422948054399,1.0029828383787078,Psychologist
2.5172896191602723,3.738446616227911,4.417208899985052,1.0,Psychologist
4.485853003482181,2.3586257527589765,4.912417915594572,2.210401899350572,Business Analyst
3.0713599708596764,2.976230819726142,3.1256189340369356,3.033389679475257,Business Analyst
3.354981447377969,2.692235236553903,4.272624708526262,2.7681768910109588,Business Analyst
4.337836835261063,2.376514797039282,3.950732346657294,2.5008518769790333,Business Analyst
3.3749226395106287,2.4847036723630556,3.1399716455729445,2.4627474446444833,Business Analyst
4.202189952166382,3.868553591283827,3.4492305869218285,2.442630567273015,Business Analyst
3.957684511324887,3.3956374989754736,4.520737667754141,3.0160723976723913,Business Analyst
4.480348959374379,2.1793940892296426,4.218665123913272,3.796388408137701,Business Analyst
4.200901601363676,2.346250794440118,3.9545965049324945,2.590468042821075,Business Analyst
4.188780554444459,2.636412863151935,4.9476320055764855,2.8697745106669346,Business Analyst
4.895035094179132,3.4378287503935345,4.607167419997403,2.027222481457076,Business Analyst
4.272909530173917,2.993007646794991,3.355277725488686,2.2120886294645894,Business Analyst
4.170591370365731,2.810353905408715,4.320956182936628,2.8032775462713855,Business Analyst
3.2753093295187785,2.1857222452251914,4.877034987048941,3.0337333179946,Business Analyst
3.5635776559871624,3.719322434315528,4.895720323699967,3.300099179188238,Business Analyst
3.945618084550161,2.0001630615459565,3.0189640910163185,2.8387996355370055,Business Analyst
4.778663888388058,3.084084259900138,3.1327031287937404,2.689773367534411,Business Analyst
4.701016063082523,2.6928551845466346,4.021029361259583,3.1183897865113,Business Analyst
4.007571414481879,2.099218041925913,3.4645849982401122,3.0165078023252443,Business Analyst
4.647921099260764,3.7047817826358376,4.175665325489483,3.5607275494806623,Business Analyst
4.661952549082134,3.3535460381072624,3.2142176227948918,2.602879364941189,Business Analyst
3.9976763237666435,2.865490665680171,4.791450998739785,2.001936547119941,Business Analyst
4.287232949788635,2.4776876260495166,4.549744789622586,2.4171450486507355,Business Analyst
4.481465450353127,3.9276829315221535,3.676085033499316,2.385887768780977,Business Analyst
3.585469979211813,3.1775395584617803,3.338957921881622,3.946209154916601,Business Analyst
3.9985207232054005,2.960747166624363,3.4063335299010777,2.0411508454586613,Business Analyst
4.830215792474968,2.864577281553481,3.2257672673986018,2.204890142934432,Business Analyst
3.753743509734236,3.3161933972828406,3.340224049579687,2.6215654519801266,Business Analyst
3.8492214187628724,3.8875478403312362,3.0024571688478705,2.2304105984944766,Business Analyst
3.7523328025775053,3.6114620903148436,3.1832690346869987,3.7667180366878608,Business Analyst
3.547713350547978,2.2172069400376646,3.1505115763148677,3.7386142918984704,Business Analyst
3.1602783847395592,3.2212895533716663,4.778312964371666,3.905097000478901,Business Analyst
4.235148997128381,2.5162470741960092,3.6485757027690813,2.16804402661119,Business Analyst
3.2387291549908817,3.452762554116217,3.2104420289695024,3.75910615825054,Business Analyst
3.678973275050971,2.8208936671870255,4.245129180392796,2.6730098958360218,Business Analyst
3.0161259206184363,2.0738848733555404,4.839767321556252,2.347325967880833,Business Analyst
4.730460374889002,3.0948122371498483,4.8124075124284635,2.5794666953042062,Business Analyst
4.9172313999929536,3.7383037798980805,4.630321873421893,2.8889976763354435,Business Analyst
3.753029581884581,3.1760558886140204,3.987144335177434,2.450043461614483,Business Analyst
4.960536860787834,3.2995704613306938,4.079209234173797,2.2454395796115056,Business Analyst
4.3358216926287,3.086202892311176,3.436730592297761,2.929489824078855,Business Analyst
3.226947836297983,2.7353246825174264,4.587875397804358,3.975047129266806,Business Analyst
3.2081105090124984,3.4583926179078572,3.011067864605926,2.8689528851308257,Business Analyst
3.780216485976214,2.120355717125659,3.3637061416518463,2.3496096986997936,Business Analyst
4.4410703143177015,2.7638770776314816,4.88648157724891,3.2426804169626937,Business Analyst
4.489853744884738,2.344949762641223,4.921830993686284,3.8877530603924573,Business Analyst
4.827622027312918,3.3254170959796623,3.434514305518818,3.448144914327102,Business Analyst
3.8603053610570504,3.4376756428455097,3.3605447229428536,3.2674339031056014,Business Analyst
3.9210643861247134,2.5584124075684587,4.703121861397192,2.148324754105073,Business Analyst
3.7347674283661965,3.5512168738145196,3.0168110922852387,3.761623648611404,Business Analyst
4.748769573132654,2.663855607076613,4.51042576420014,3.438317488359182,Business Analyst
3.8966247456481637,2.7366409522682384,4.925832377154543,2.609726135762706,Business Analyst
4.002044468382864,2.5015192206364443,3.105076873947273,3.5319388837595276,Business Analyst
3.3727402444842447,2.5999880315505104,3.2670029800564606,2.712441031957253,Business Analyst
4.237345485340605,3.546204192757839,3.845636497934481,3.4789135757909584,Business Analyst
4.288724564106703,3.4859472784367993,4.464278190364997,3.0806153984057554,Business Analyst
3.437182394379008,2.4370798735073835,4.919031988162447,2.8061216158573963,Business Analyst
4.682660834466812,3.7627559112396223,4.810573281352773,2.036886783170671,Business Analyst
4.343581323498449,2.0284851845675043,4.37157958781243,2.67079768914747,Business Analyst
4.6828273308938515,3.9409311480595552,3.124182416471749,3.989673729235914,Business Analyst
3.280812907929384,2.6262304801583753,4.403542402711432,3.719203069218951,Business Analyst
3.3514495886962576,3.7103771406597916,4.14392279614156,2.951315305183063,Business Analyst
3.3514541663418878,3.231004816910541,4.436921862785052,2.667695377731747,Business Analyst
3.561986283157492,2.850902446100965,4.310939241966736,3.3843616469965454,Business Analyst
3.148724141865289,2.9020670822554466,3.600313026989393,2.9142115967159747,Business Analyst
3.486009420223972,3.205746556115323,3.9310452020277435,2.584305590733875,Business Analyst
4.23940081833986,2.787495248208005,4.37971632727387,2.6181361801229848,Business Analyst
4.520798792623466,2.463009393321279,4.392491995257703,2.0050230689781383,Business Analyst
4.153163357796988,3.7854055085971563,3.0735633287383726,3.2244559166963676,Business Analyst
4.421428186585867,3.8575694102670925,4.899802708434134,2.8732561714055813,Business Analyst
4.414562540285107,3.9841821321920077,3.946245763770082,3.224347872618767,Business Analyst
4.421816174210832,2.9268931219196617,4.085534960119564,3.3949953972576212,Business Analyst
3.0038634764016914,2.459400898423472,3.303815180735425,2.916993048113502,Business Analyst
4.84191617737909,3.590249339928538,3.2429432255207096,2.2445869845464728,Business Analyst
3.9684977325943276,3.2411855177603126,4.963408852053117,3.1001583770077916,Business Analyst
3.006640621876298,3.7611495654604346,4.52761077059187,3.868324083183885,Business Analyst
4.816497570145562,3.2356001118644517,3.8385416183322394,2.569674433213535,Business Analyst
4.68696179170292,3.6878003922612708,4.993174770478749,2.7567477085124956,Business Analyst
3.516366633702054,3.2640226200107736,3.6192264837696437,3.58514706432414,Business Analyst
4.1393044807365555,2.1773422892274192,3.1808296184321847,3.6770977624044447,Business Analyst
3.7394871573257724,3.862052868189537,4.762952500030905,2.300985327336044,Business Analyst
3.1530711236082682,3.8033060428951915,4.41055881666702,3.2723042870164623,Business Analyst
4.757590808423451,3.3623265679713543,3.5030990472113777,3.546697328542521,Business Analyst
3.4362196901166424,2.1141757518028794,3.817595199968379,3.5297950325580905,Business Analyst
3.657040711276479,2.6309960514760444,3.3924336913564557,3.1424432991252313,Business Analyst
4.236452340621208,3.0916229049882498,4.735975240912759,2.773314248697325,Business Analyst
4.9851089227538905,2.238122188164177,3.729152541720525,3.422348092696444,Business Analyst
4.266930229616573,2.60020704079974,4.018281018347154,2.4940289965958153,Business Analyst
4.649190772260313,2.3586553598180378,4.020969952573442,3.346118006934261,Business Analyst
3.0880095167957924,2.1873624402138545,4.580788829082235,2.6575343539246656,Business Analyst
4.525393260123863,3.3277291924024737,3.142363949589682,2.063328838679043,Business Analyst
3.77349797840475,2.2145608556378944,3.9505961007639367,2.3584439852717307,Business Analyst
4.875333016603376,3.448380310012036,3.7511449637564924,3.051153278460011,Business Analyst
3.753969093636235,2.743366776818476,3.8657278814026914,3.3963718379588577,Business Analyst
4.18379517145021,2.696140985304609,3.516373724399861,2.210729660456264,Business Analyst
3.9064994033921216,2.905407391230359,3.4740053581071346,2.230144595575964,Business Analyst
4.353515196469239,2.4513146455661836,3.2508624337521663,3.5743389192450947,Business Analyst
4.0602667148223235,3.4240760071162777,4.451118401810833,2.466003132130088,Business Analyst
4.210557016676738,2.722420164875653,3.8246664525956,2.0315283889782187,Business Analyst
3.0385508711207034,3.0457212566565337,4.6159496039053565,2.594331827895834,Business Analyst
3.616645699986014,3.8654665423436243,4.813892557035531,3.7283698684169746,Business Analyst
3.527212065823644,2.674255257915184,3.4350751862983957,2.3294682869542416,Business Analyst
4.095037418224761,2.1745948549506204,4.1408383035138705,2.9297470456555734,Business Analyst
3.501268631806057,3.961005659400935,3.5202822604524044,2.570421768804862,Business Analyst
3.629497528758749,2.0318116968910145,3.952842644847968,2.760129259532992,Business Analyst
3.9494727373580005,3.168840929547663,3.0291148569571904,2.1342257492235364,Business Analyst
3.85937828261845,2.864777571335222,3.541321740541893,2.279959106286067,Business Analyst
3.2183405286786955,3.799115495440347,3.0850413818929074,2.8636792831620386,Business Analyst
4.185726597225498,2.7995713453359548,4.758645398728527,2.343566892916406,Business Analyst
3.58090677410637,3.3065475252119674,3.535718199926812,3.3246968419000864,Business Analyst
3.943731411951169,3.9179269264414884,3.305445067743325,2.4385327677559374,Business Analyst
4.110026706459302,2.7050631848720537,4.962202696109268,2.099907501993088,Business Analyst
4.650880916107439,2.270272716291762,3.6194116806846743,2.4996219095545733,Business Analyst
4.28963584196789,3.008990845337318,3.3020297260850304,2.38076920407313,Business Analyst
3.176123947729354,2.8681854227702948,4.673642111087677,2.042911038805956,Business Analyst
4.959519670271092,2.3595126532271262,4.576788790903841,2.474245463067243,Business Analyst
3.9661486794134198,3.658220255764581,3.256626658385586,2.406546227872739,Business Analyst
3.279720882263673,3.879177917616654,4.729091062958648,2.341948271331261,Business Analyst
4.3624167670283045,3.4998822533874674,4.025462783298977,2.290502983602874,Business Analyst
3.2025299555989957,3.8188808129121377,3.48717122599846,3.234661830986888,Business Analyst
4.855656762658195,2.6592889972803464,4.862854778325434,2.961463993075227,Business Analyst
4.194855159298311,3.6563252377583586,4.108610829942544,2.3882080199766413,Business Analyst
4.132297865678827,2.041230600553112,4.548077593898447,3.7390926705471137,Business Analyst
3.7064232537457196,2.049144769502886,4.722535436512463,2.4486209716744414,Business Analyst
4.9753802655108785,2.3115206772394306,4.77280518567369,3.684540324752094,Business Analyst
3.38499509012928,2.424113176852297,3.1536139873186695,3.685062097580828,Business Analyst
4.669856081517217,2.6323224574755395,3.1277703457290666,3.383337804621942,Business Analyst
3.7654821682073454,2.487484528863664,3.284357815709508,2.0575266923515536,Business Analyst
4.795222992830331,3.2464829347935074,4.254451384321218,3.0316785814760316,Business Analyst
3.2422417778142125,2.158623778268299,3.6248727954171613,3.8850928960983158,Business Analyst
4.613887788775221,2.2523304287010095,3.4228787426616516,2.578313743285914,Business Analyst
4.322743165450798,2.2918114644272336,4.449642955631462,3.8604496931951133,Business Analyst
4.931532185761117,3.9769267542666533,4.560714336397179,3.5180532721820352,Business Analyst
4.550833208431823,2.317140906403994,3.9550077355417113,2.6344144419651774,Business Analyst
3.8202952986179604,3.897251688203916,4.90035180760283,3.3167278780460734,Business Analyst
4.824931353329612,3.4602757903164187,3.4326900457307894,3.536309530634998,Business Analyst
4.0634188870101475,3.6465866022033793,4.297382986458473,3.1607167957589946,Business Analyst
3.2636667639403623,3.1283517200348756,3.002826568428336,3.1007841865485193,Business Analyst
3.937915993201062,3.9358514617895333,4.429348721634527,3.4289602444506198,Business Analyst
3.591997865849761,2.8692069718602315,3.07608431073852,3.8236419090271077,Business Analyst
3.1178316215970634,3.9289223577140566,3.400446107102519,2.943490763789936,Business Analyst
4.1588463367544115,3.8011778431658763,4.651669613032178,3.953748713741433,Business Analyst
4.476450558725258,3.354207762692529,3.676482859296277,3.510670239762133,Business Analyst
4.56825648959001,3.675722804297642,3.9001145679260185,2.5691374987044666,Business Analyst
4.766160094186207,3.2355954050745104,3.7245484807457436,3.335542429688492,Business Analyst
3.1139720374629754,3.5841163917923167,3.989270420296472,3.192304868156033,Business Analyst
3.1747398247027094,3.9755463046630513,4.6070496973214015,3.1019132619312746,Business Analyst
3.4466295842763244,2.158554210877554,3.6251983803575705,3.9208166779403726,Business Analyst
4.722776489742963,3.0350122785524833,3.1085182413804375,2.979645869281873,Business Analyst
4.571829211561487,2.703565278300146,4.207099939557232,3.7829755247051144,Business Analyst
3.7680968287374546,2.779698289128613,4.282246234067564,1.2740413540974818,Teacher
2.6198161833006104,2.5785752561174786,5.0,1.9247318781096292,Teacher
3.020584072394602,2.3735783805298722,4.8154102051793775,2.379984296890566,Teacher
3.615889444184895,2.272026949515405,4.790837504519071,1.8989639624246797,Teacher
3.8329344906897913,3.189661959202893,5.0,1.1543078097520567,Teacher
2.605157580375699,3.5411643120872895,5.0,1.5793896140986063,Teacher
2.3700446609577126,2.5004905876353907,5.0,2.2082074119363346,Teacher
3.1911629688465304,2.349787374454298,5.0,2.6456474077140024,Teacher
2.1071672825965524,2.4027355157796686,5.0,2.752392999642721,Teacher
2.229071245368174,3.9406828663473608,5.0,2.553570167192837,Teacher
3.0671717552014073,2.2908907397078444,5.0,1.871237189493152,Teacher
3.586903950886324,3.076655099055801,4.246106270293235,1.7910940791178018,Teacher
3.2293418329151273,2.2055276150220315,5.0,2.8791852509188476,Teacher
2.5097813348591576,3.916440652598677,4.833904399277865,1.3021193539684885,Teacher
3.551387757595551,2.2323269831333192,4.090326426970908,2.9999801867387603,Teacher
3.6518662018880717,3.5548578852287234,4.769450436081165,1.3331381021653625,Teacher
3.741900575936241,2.367401227710116,5.0,2.037571917599621,Teacher
2.202885635991098,2.748893226772614,4.811093947337386,2.113872675991894,Teacher
2.646178694104469,2.6170678304947366,5.0,1.38229340421517,Teacher
2.2772289451304095,2.480295707667086,5.0,1.5667473012556077,Teacher
2.8534116947202808,3.236700588979886,4.97361392155671,2.6996714729222013,Teacher
2.097157529424617,2.8127450783807793,4.806655302189368,1.531743906150632,Teacher
3.0016462562042197,2.738855671858569,4.309671110927526,2.5165132812088316,Teacher
3.0431394247465366,3.662048572927521,5.0,2.2037910984235682,Teacher
3.499815358033467,2.156846106080109,5.0,2.3846345591349793,Teacher
2.693963548858294,3.0679783597725665,4.701820585639367,2.01069100388728,Teacher
3.0145622573182385,2.039297452198791,4.841189709151171,1.8424662282254531,Teacher
3.684514467356122,2.3390180673768945,4.6280695528331055,2.6647798127272733,Teacher
3.2034238733982168,2.435343521025379,5.0,2.8072135547616006,Teacher
2.321535794874303,2.3790278069680544,4.955256111840767,2.1393995755978397,Teacher
2.2553592191963885,2.9334571943144265,5.0,1.4883440332131566,Teacher
2.832735778206552,3.472128238800509,4.8381398114473155,2.6724338706356945,Teacher
2.2318962781682146,2.302944539628624,4.5134155731807635,2.4902320419788153,Teacher
2.6628030831578715,3.473281711970305,5.0,2.491879326082267,Teacher
3.780655048195128,3.2501711355179017,5.0,1.4504825072443588,Teacher
3.796762566448181,3.429468858474754,4.617273901487554,2.5553966083796094,Teacher
3.0149423818522676,3.930965383086446,5.0,2.2764094975564664,Teacher
2.1497880998554195,2.489274601959794,5.0,2.19866727047267,Teacher
2.2868958241471717,2.038023856697907,5.0,2.5514679877024733,Teacher
3.3652259709320864,2.3032221183044723,5.0,1.6624645391842625,Teacher
2.999284352458786,3.0062215037945883,5.0,2.1941382334563873,Teacher
3.4118037133306185,2.719386080579307,5.0,1.8218032155931245,Teacher
3.339942258222788,2.0484173706923183,4.811714341801451,2.6231577702105358,Teacher
3.913128875984153,2.1008556642196012,4.379298603834169,2.314144496180919,Teacher
2.080071792810053,2.5826010279194707,5.0,1.0925850069569354,Teacher
2.4417523583691505,3.451586528733615,4.584812993585745,2.544308579276663,Teacher
3.8597411594111795,2.844751472217179,5.0,2.934978007938227,Teacher
3.3947568220343483,2.5421053338702047,4.158404796313437,1.2092970796253197,Teacher
3.191674831724752,3.595467861868433,5.0,1.1784574931583305,Teacher
2.9461127167057626,3.5010952886709283,4.5888222037320805,2.0017279291817456,Teacher
3.924856874086403,2.961821846752227,4.555714694563654,2.3087982991136764,Teacher
3.965766716493243,2.3449753109232625,4.427501300714826,1.3817370762864676,Teacher
2.871611575019018,2.804037253027464,5.0,2.429732162195128,Teacher
3.607553769073059,3.794444866142939,4.167147457925097,1.1545617840408855,Teacher
2.464700226005551,2.0936953373077825,4.475674346305153,1.2566809495701459,Teacher
2.527898063890156,3.8441583980817753,4.4626290963372455,2.1030309907956664,Teacher
3.246295446031416,3.0950538209041927,5.0,1.4489257383697216,Teacher
2.987972444309147,3.3915771852312933,4.956441760041326,1.6052733025183599,Teacher
2.570493242178979,2.1327261116797773,4.346882039506484,2.1675052935913373,Teacher
2.0925878311272887,2.949571738454072,5.0,1.5237765751638317,Teacher
2.3556324856338993,3.096218256621319,4.00402317275134,2.903263340404804,Teacher
3.3966436723872095,3.390766315453048,4.111920483149276,1.837185109562781,Teacher
2.9009215446480283,2.2133619384230494,4.0068612917468585,1.877305482310668,Teacher
2.952917920201598,3.5448384124143733,4.039851212583616,1.170796800059416,Teacher
2.461006947089536,2.4464477979772328,4.665408387339415,2.3861972434673095,Teacher
2.8364206874672506,3.92684241157463,5.0,1.55926739843403,Teacher
2.8999689628111005,2.1234166218537665,5.0,1.7909288133380246,Teacher
3.548826102119425,2.52749177076689,4.925203436847999,1.746239991327454,Teacher
3.8856349874453784,3.6437781479100497,5.0,1.245801404486706,Teacher
2.2314284494892833,3.1153252780033793,5.0,2.4976864100314797,Teacher
2.1305006410363534,2.2427513876697276,4.676558640343198,1.0848788716384317,Teacher
2.7765379403070627,3.0430903658689505,4.002044797631978,1.8883299002418277,Teacher
3.8846807492163684,2.9520320838741854,5.0,1.6226826199213504,Teacher
2.63221448837853,3.6309117364163956,5.0,2.9488901639881644,Teacher
2.658818338330431,2.4584061948623486,5.0,2.8270742273820524,Teacher
2.861677269232284,3.4418395959321777,5.0,1.089696230344823,Teacher
2.2220651655456742,2.060489764534908,5.0,1.8112124825351366,Teacher
2.9568580366030326,3.564100056591811,4.5857506137396715,2.9818340344766643,Teacher
3.7008302414727687,2.5814563881164827,5.0,2.568344475241886,Teacher
2.3830057695518585,3.252374754386206,4.738597170761698,1.241311937944852,Teacher
3.729693543353323,2.9195948809552563,4.072091743842387,2.572983979884187,Teacher
2.8708574376921656,2.7573688380915935,5.0,1.2739936239552352,Teacher
3.0429712670410507,2.0950094638558996,5.0,2.5360792320741554,Teacher
3.9626976220176067,2.888767168545411,4.3740285999909005,2.307294521956344,Teacher
3.204606335432505,3.7222833850003707,5.0,1.0292546254897954,Teacher
2.873416861995704,2.9171224133804117,5.0,2.5044411743008252,Teacher
2.915978903603691,3.561598529937996,4.530489226846287,2.6771561460766464,Teacher
3.645805617468949,3.2779474287974812,4.3542696468819315,1.5211765074100385,Teacher
3.6694216183317003,3.1203751966638724,4.663037928026073,2.4184258116487536,Teacher
3.6767910721220227,2.9489967155772794,5.0,1.0920967512948732,Teacher
3.301168244311507,3.9988624510127098,4.320836688106483,1.1534700243835687,Teacher
2.3867263300377406,3.829166585669058,5.0,1.4006652752848499,Teacher
2.6267635235771762,3.9592155415865067,4.332921561617369,1.2507382431592793,Teacher
2.9732685566086543,2.008162851887298,4.611720002836581,1.1197715430734068,Teacher
3.9241773553403494,3.820824418902042,5.0,2.811220580962453,Teacher
3.8043616358591237,2.35365497167232,4.505567405399567,1.2399326796781545,Teacher
2.340849088740529,3.846692506459979,5.0,2.3425628779961505,Teacher
2.5268494762639864,2.8163647025746803,4.762311361467348,2.0373919790351396,Teacher
3.7006704974124687,2.6424661446270346,4.564173222926993,1.8571628950889882,Teacher
3.6904539871861544,2.551743034673696,5.0,1.8679797212115061,Teacher
3.0399135175837815,2.1818607564617865,5.0,1.049530941411192,Teacher
2.2851069377070754,3.907012336341916,4.764911608390498,2.886865708132913,Teacher
3.7195187285063414,2.818648917643473,5.0,2.1009704074987066,Teacher
2.2542978095744144,2.1550786761234653,4.641245844746912,2.6847930157465356,Teacher
2.333516915314106,2.183576217210353,4.962368238612029,1.578169879823034,Teacher
2.0110684137660364,3.822475059683088,4.5073675188244255,2.0413515741800894,Teacher
3.6812075421954207,2.9730661668825293,4.340964690380832,1.9959086238627344,Teacher
3.496602304056765,3.7858011494681447,4.958413308127068,2.118863925701041,Teacher
3.952372640695281,2.7132859058612535,4.809032484406964,1.6191366250307495,Teacher
3.155868987941762,2.390374607254568,4.061979094712164,2.8410910520496078,Teacher
2.637478539065839,2.4119708066301975,5.0,2.2309407668751984,Teacher
3.3041732489167464,3.3265013754305923,5.0,2.7999359446036998,Teacher
2.0608847555904353,2.6661986750794906,4.173753298047586,1.873153935134082,Teacher
2.4008730188502874,2.5786638854745196,4.692671743779884,1.6041737128393692,Teacher
2.329607265898934,3.92686055197115,4.942495784405316,2.1874269760540734,Teacher
2.4393770189678774,2.77396160539031,4.423091290574474,2.4896730785518066,Teacher
3.0442360111303075,2.5830094468744766,4.433356598937807,2.27144393293712,Teacher
3.078057202578769,3.9736849902845104,4.754712927864541,2.096496439652128,Teacher
3.5523186992646543,3.25504753957758,5.0,1.037132419200762,Teacher
3.7743874334700385,3.9522652187738494,4.645480452486044,1.3001980115342966,Teacher
3.7687492452411995,3.7024476261251467,5.0,2.2784524403354713,Teacher
3.108128857996241,3.3277022073121003,5.0,1.1361615609054692,Teacher
3.3219119910308077,2.2342904112688284,4.551914820532064,2.3268107084316854,Teacher
3.745616694785234,2.1123967925825022,5.0,2.6060130351999033,Teacher
2.11859364408334,2.0179314263186505,5.0,1.4912393022721908,Teacher
3.932259922822097,2.8664292291392792,5.0,2.152917655721371,Teacher
2.7374177080532656,2.184904320850186,5.0,2.9116848727771307,Teacher
3.8719279227778327,2.1366992536778415,5.0,2.825125681416201,Teacher
3.646519528632683,3.1060166434445495,4.3683589692776845,1.985511828381447,Teacher
3.85529525705773,2.2307835144861112,5.0,1.8439623112674484,Teacher
3.0504866731049987,3.227624449869949,5.0,1.9318329692899847,Teacher
2.4231037777369906,2.702837076099758,5.0,1.0706572186177319,Teacher
3.3883984162048595,3.1733783137378797,5.0,2.5528646044545713,Teacher
2.9871914172486367,2.432617416431877,5.0,2.552582740741583,Teacher
2.287342459073505,2.5626837224236256,4.978730747019316,2.983318375841626,Teacher
2.6116638403709516,3.473495445000493,4.2724319353009665,1.2670269058609183,Teacher
2.667571409957246,2.2167491991262973,4.408129137540105,1.355249716708864,Teacher
2.0068520806536014,2.438847219287931,4.539853021155679,1.1433439568102979,Teacher
3.484351220112703,2.617938166819821,5.0,2.633060781193451,Teacher
3.811560556721046,3.11495135308282,5.0,2.5310410755729245,Teacher
2.8547615750157167,3.9015857753376295,4.4268863760501915,1.6105192132019628,Teacher
2.1442839394533713,3.3364350317088745,5.0,2.126690084182354,Teacher
2.142656529278549,2.614215566703213,4.517147525590797,1.3347750281929927,Teacher
2.0352534361611743,2.3877459946073047,5.0,2.737761941009917,Teacher
3.2874809744861224,2.648959576891126,4.7561253437757856,2.7735661281988016,Teacher
3.897466097411881,2.8805366204779066,5.0,2.4608174415244353,Teacher
2.936434834027623,2.1934864647656056,5.0,2.293395399813452,Teacher
3.8128006363178955,2.7349559573826205,5.0,2.01720442657599,Teacher
2.5846075034669997,2.621070344295243,4.19628257670257,1.6793174893615255,Teacher
3.2846860267763596,3.4225889596082415,4.729849679082675,1.4010911419695515,Teacher
3.761828895205353,3.581293319562028,4.360444811000729,2.2999714734601895,Entrepreneur
4.713747471078104,3.3733641348361934,4.59478784903371,2.7772760414159166,Entrepreneur
3.1348465867202338,4.516372600512876,4.651578485326534,3.8172695828176337,Entrepreneur
3.6609391570785954,3.2805566160340147,4.940760564138026,2.816969817077722,Entrepreneur
3.3535075448625076,3.8547292462470772,4.325640691990227,2.5949730992530977,Entrepreneur
3.945656247605947,4.073117559521902,3.002590353101036,3.7981926787631144,Entrepreneur
3.008836318298505,3.2995376022501395,3.674502961201295,3.646139029335443,Entrepreneur
4.896689020058517,3.8572916292514066,4.345506440123744,2.7138897366105548,Entrepreneur
3.36313668686099,4.947598605789845,4.022995675784987,3.0248406980850486,Entrepreneur
3.149736877524024,3.2063895986626347,3.2510195600953247,3.529244711394595,Entrepreneur
3.880621975316913,4.323248255202325,4.990228976705754,3.5867119217968897,Entrepreneur
4.787017677501696,4.706197170750861,4.910982915092369,2.911852013266931,Entrepreneur
3.42044540116137,3.3061281871687775,3.1673155256380374,2.387639475285156,Entrepreneur
3.244949439743567,3.613512574566329,4.344726156368545,2.0925510136336376,Entrepreneur
4.752168603537224,3.0918128342572526,3.474001990460504,2.9292366964039904,Entrepreneur
4.8819512540874115,3.6805527172182577,3.8534089695007734,2.960447263198113,Entrepreneur
3.2430613876373444,4.0552018498157985,3.4478993091407766,2.4333600799895585,Entrepreneur
4.557227083528467,3.8982579645757887,4.603439623924521,2.3231892791318653,Entrepreneur
3.351824580206383,3.3883458508305004,3.614650730323146,2.400417717555345,Entrepreneur
4.127506643083013,4.023459063543167,3.6041623820416486,2.5138754311279694,Entrepreneur
4.274732008859888,3.7383301766765245,4.901182302195935,2.302120071901683,Entrepreneur
4.790176117908771,3.2282779105843504,4.394556850610033,2.0975415530951924,Entrepreneur
3.719562613175925,3.3278598940595705,3.34376265600872,2.016651445608339,Entrepreneur
4.605477808823425,4.433088398356402,4.296689114480673,3.16509128814375,Entrepreneur
3.3126405049214998,3.0800049367090745,4.914562102447695,2.7173087481460887,Entrepreneur
4.380521395919232,3.6419437724159516,4.127273382433767,2.0043092009863956,Entrepreneur
3.377515971616268,4.397824052267211,3.649751750501337,2.0699829382924797,Entrepreneur
4.756967000663189,3.633207342347725,4.378200304926786,2.4722285533172834,Entrepreneur
3.8562011501299365,4.832771273459625,3.5314002948938263,3.294925449416394,Entrepreneur
4.642983143203,4.5294529761706945,3.3534292340932232,3.6783354903891565,Entrepreneur
3.7481001839011494,3.707857166686689,3.9565388016801544,2.428312506885879,Entrepreneur
3.9897582331585735,3.3671593669267326,3.2260505993967232,2.2741299697000783,Entrepreneur
4.937984564163962,4.835284990476883,4.939987156061461,3.529269368679066,Entrepreneur
4.331365572582254,3.989683714632153,4.9002880114374054,3.0078798895436183,Entrepreneur
3.421974457238538,4.173343623214276,4.854564591683179,3.711057413840754,Entrepreneur
3.223684254612892,4.639730397585795,3.9165390000888864,2.493570980290781,Entrepreneur
4.3090471306894775,3.024331900353463,4.0600232518262,3.5586796319676086,Entrepreneur
4.435650197472686,4.970710125796682,3.701137232675167,3.102524395083586,Entrepreneur
3.596883668130915,4.355070571378185,3.7223490686209737,3.8428245626805397,Entrepreneur
3.820113902742615,4.790037173116412,3.3914967523299753,2.5639618124430203,Entrepreneur
3.401952284782414,3.669048398679327,3.3192488848166186,3.53217583875142,Entrepreneur
3.3599997054993396,4.413974212871958,3.8936721291892717,2.783012212361263,Entrepreneur
3.5890405789586826,3.565418401400694,3.4485906184121218,3.4964911254454267,Entrepreneur
3.7917047401848434,4.394324491355198,4.6681312211109205,3.553343599364103,Entrepreneur
4.607495437893861,3.5714889211499496,4.580492648028958,3.8896205190107453,Entrepreneur
4.476930426840285,4.236832060744972,4.066368176910702,2.031774847511012,Entrepreneur
4.487069563441669,3.1141696400407186,3.354941453434586,3.6112993476105055,Entrepreneur
4.485925070777585,3.8077460625005632,4.600310731936794,2.295210751405652,Entrepreneur
4.782241543064656,3.6181182378239716,4.674693062477289,3.233618071134517,Entrepreneur
4.558971281868088,4.9976113424001785,3.525088627182927,2.371661328427458,Entrepreneur
4.61312662095931,3.2226029918040506,4.886651343569616,3.579433667680636,Entrepreneur
3.61869048403028,4.433764546127167,3.8485551087208725,2.3120617408937734,Entrepreneur
4.276724142559702,3.699310647576918,4.896988110100404,3.71951940439575,Entrepreneur
3.1698608934274537,4.441400267735301,4.227125027576533,2.505463319737844,Entrepreneur
3.7039277354721425,4.089753241396847,3.9051091600799377,3.7444921553793122,Entrepreneur
4.320026617096644,3.140044136672515,4.93447593867918,2.5449768452016333,Entrepreneur
4.642921939829709,3.152339514448508,3.2116549203736207,3.7485190626760803,Entrepreneur
4.055805740562713,3.713574845591875,4.654250076536256,2.3073898918861815,Entrepreneur
4.675146242700189,4.644618866997895,4.465414417003529,3.6236662859584965,Entrepreneur
4.587536974530455,3.7687078520831054,4.358045004764991,3.4715448432092453,Entrepreneur
4.5500090038323515,4.324979331069391,3.42928328756038,3.4676683240653747,Entrepreneur
4.704876682884512,4.563212687452923,3.3845097996200675,2.4612625767591725,Entrepreneur
3.9575559870430563,3.53287203422643,3.937534027372286,3.7868599096545235,Entrepreneur
3.440983675870334,3.3818798862828574,4.120135743752675,2.1170845423619378,Entrepreneur
3.5257103474021863,4.7858343343045995,4.360662533595655,3.5405136648560536,Entrepreneur
4.816393945236891,4.356737487686264,3.497629065010999,2.5095616479056533,Entrepreneur
3.6886156939301418,4.3503692563305085,4.485965387959417,2.848392774607787,Entrepreneur
4.076126156114272,3.213819663554805,4.128816066535164,3.1902830759624914,Entrepreneur
3.7453232822163516,3.170639058535552,4.345543368432225,3.030519203480853,Entrepreneur
4.9326414600660025,4.686954200917908,4.763195313510808,3.337049900873394,Entrepreneur
4.972433022982644,4.1557128260631435,4.377522367384822,2.3158572912047797,Entrepreneur
3.6044738256743125,3.5984043175109157,3.001774443676303,2.1184070271963833,Entrepreneur
3.857858074387223,3.9586440325684342,3.403366088812877,3.63415212035903,Entrepreneur
3.7810220870734614,3.551469238081139,4.9067698370569035,3.51989574064105,Entrepreneur
3.591805589585669,4.601610667308007,4.506008777813198,3.2516909239464313,Entrepreneur
4.416512716257898,3.062980060692662,4.347788698470014,2.3644260342144445,Entrepreneur
4.783279272333414,3.2313967046009378,4.815942844560624,2.6127446358752398,Entrepreneur
3.3721448590977783,3.1382605246694775,4.434288117831322,2.4651730098672986,Entrepreneur
3.7937239945628853,3.064398990829873,3.1613608846649033,3.5690947161519144,Entrepreneur
3.756145544785064,4.373082581800995,3.3665133990267284,3.0862140382559433,Entrepreneur
4.549552322502007,4.694586279018274,3.1220997467243725,3.633802727017025,Entrepreneur
4.995177086186183,4.381685794758644,3.0749616602175807,3.274256865111483,Entrepreneur
3.110142634065292,4.432779912787748,4.105811062612603,2.5059583615053724,Entrepreneur
4.697112627689736,3.266912848279734,4.916721377732419,3.1602297170149654,Entrepreneur
3.005077962369673,4.353523895037344,3.228035449398068,3.8304451435594267,Entrepreneur
4.075517567264475,3.7883291315556646,3.6866581042353106,2.300797035711388,Entrepreneur
4.078547342977952,4.450130054023562,3.9427941177675243,3.0837254759914527,Entrepreneur
4.2006341040797945,4.264600484202257,4.2578968746429595,2.112288464714835,Entrepreneur
4.068289739327947,3.8715301606496437,3.3083188152319307,3.578690088119835,Entrepreneur
3.76012933556505,4.279033781818422,4.853175175270793,3.600640443573597,Entrepreneur
3.4375329419934233,3.1032793744236162,3.821995342972359,3.1306964008160625,Entrepreneur
3.076781668100847,3.4231020205266507,3.7731620102051924,2.242767597502646,Entrepreneur
3.190370186882717,4.593201270093191,3.1472637650365094,2.7618716292860026,Entrepreneur
4.514865841785072,4.936157198539783,4.925192378809012,3.6301762263073174,Entrepreneur
3.16272293332856,4.405582685452664,4.132749388997533,3.953545156433279,Entrepreneur
4.807147620955326,4.918294410965911,3.65909448307759,2.9698134525829114,Entrepreneur
4.417015865128399,4.409308078576736,4.9406036553369725,3.683899054946176,Entrepreneur
3.3138111453043884,3.634285572062643,4.736927104284884,2.3752756733338476,Entrepreneur
4.989040818471078,4.721175163956582,3.7226155847631675,2.597510448917628,Entrepreneur
4.2844244125649515,4.209355690020194,4.847036137421657,2.171252430575626,Entrepreneur
4.006264521669556,3.6788662785463915,4.681814898762222,2.1857032240226375,Entrepreneur
3.22230369087133,3.994420078469647,4.903931228015097,2.630219028074068,Entrepreneur
4.735558620261546,4.358313495699799,3.0059021341022705,3.2806663933748954,Entrepreneur
4.453186984766038,3.351491286174328,4.4075173619519,3.071996239041068,Entrepreneur
4.091400912206721,3.90270845923013,4.917571966723333,3.4367919935620517,Entrepreneur
4.254065629567512,3.648062445525731,4.136872513622429,3.3571986510668905,Entrepreneur
4.272945499209192,4.364493286083258,4.032285978254336,3.9444469574960537,Entrepreneur
4.8294857401547535,3.4488326866600714,4.790424178491213,3.9501529932754584,Entrepreneur
3.4798654838624907,3.8434127486652603,3.8245578473837583,3.0592743547877386,Entrepreneur
4.965326065255034,4.6006400319159315,4.464504809127381,3.8018678652502724,Entrepreneur
4.724337683100113,3.976780622475923,3.491381685193275,3.1149764083771494,Entrepreneur
3.0113777965868227,3.8205601330246095,4.528222095637437,2.5218018180744837,Entrepreneur
3.6992701688467724,3.763881750324665,4.851921182877313,3.0210927269493952,Entrepreneur
4.8336393135236415,4.253646160696609,4.7471323688291,2.606752205608684,Entrepreneur
3.2187298121298253,3.0561177976154097,3.209364087206083,3.096208493301741,Entrepreneur
4.434264405246726,3.333593878668972,4.106543896913328,2.743786373733105,Entrepreneur
3.8302792802117116,3.4224819043286763,4.951767553168482,2.3904498048528566,Entrepreneur
3.6286998651305424,3.8040390228978977,4.5523095868981045,3.254002828849174,Entrepreneur
3.108338512423865,3.7585569654343534,3.917131451883986,2.088257645737099,Entrepreneur
3.1550306700152912,3.699303134847633,3.724808514088314,2.849710223581294,Entrepreneur
3.5240852576975454,4.845678789483528,3.6830613584651686,3.3101186760442443,Entrepreneur
4.004367905969742,3.4383218698987803,3.388307002291536,2.1199222297942932,Entrepreneur
3.214301193870818,4.6561803022135315,4.081713901884512,2.5053835605621604,Entrepreneur
3.788741289664732,3.523420695298473,4.1538056625102655,3.053194839258996,Entrepreneur
3.961943891153851,3.145361144505812,4.415093582365019,3.255146359297377,Entrepreneur
4.988075567642493,3.1891927946680108,4.237318082830866,2.415579828096205,Entrepreneur
3.3792448640026604,4.629590025374488,4.251377111311217,3.5218417349212627,Entrepreneur
4.320766943982863,3.059433013862889,4.0744359516690265,2.0288681775790423,Entrepreneur
4.2352817452400116,4.85469274109041,4.546881600385857,3.577598020190408,Entrepreneur
3.9872691980357233,4.192170324718827,4.392922564984417,3.9990535248959915,Entrepreneur
4.120308644126114,4.883046227036883,3.5350773988522644,2.4183359379580773,Entrepreneur
3.202755179901599,4.18639835106576,4.916673764298442,2.3044543472151267,Entrepreneur
3.098125087798824,4.419011547718762,4.242841808087537,2.937051296979882,Entrepreneur
3.644743700597222,3.986064441712619,3.861216567566664,3.5181528758117744,Entrepreneur
4.496293696959679,3.9252470203746403,3.9723613094882415,2.390960320364656,Entrepreneur
4.91503991642551,4.194858348407893,3.7406117628710884,2.2427283457164275,Entrepreneur
3.0694876607156303,4.903258772723574,3.045989017922248,3.609898763315474,Entrepreneur
4.313730393674877,3.944379484203183,4.087576668071808,2.0050510169673315,Entrepreneur
4.2768955777917155,4.348612460009167,3.427542755786237,3.9854455079632976,Entrepreneur
3.814611118516473,3.4605631147374654,4.305161733468959,2.4454028361240074,Entrepreneur
3.506315140065994,4.46063036179418,4.966077804709627,2.4800485142309996,Entrepreneur
4.029588419914788,4.415916148960642,3.0070369281068983,3.994527130151514,Entrepreneur
3.9695095666492124,4.901052533326267,4.3331092768374155,2.067813287221661,Entrepreneur
4.062480209006212,3.031869845797229,3.076938734001388,3.376364659474783,Entrepreneur
3.4364087373789114,4.084257685738135,3.40375993562573,2.2054480902692917,Entrepreneur
3.119168478602413,3.3194117237030385,4.061958860378202,2.164552967248471,Entrepreneur
3.806109114162267,4.097146952803903,4.805206472935852,3.955440250209435,Entrepreneur
4.080136942822037,3.1075543640213272,4.473121536354555,3.5351628882069646,Entrepreneur
4.766829550437274,3.3431702578434823,3.8942483766375577,3.35053745188111,Entrepreneur
4.326915916510568,4.691176352417773,4.669092530840228,3.409088489577499,Entrepreneur
